<?xml version="1.0" encoding="UTF-8"?>
<!DOCTYPE beans PUBLIC "-//SPRING//DTD BEAN//EN" "http://www.springframework.org/dtd/spring-beans.dtd">

<beans>

	<bean id="org.sakaiproject.sitemanage.api.SiteTypeProvider"
			class="org.sakaiproject.sitemanage.impl.SiteTypeProviderImpl"
			init-method="init"
			destroy-method="destroy"
			singleton="true">
	</bean>
	
	<bean id="org.sakaiproject.sitemanage.api.SectionFieldProvider"
			class="org.sakaiproject.sitemanage.impl.SectionFieldProviderImpl"
			init-method="init"
			destroy-method="destroy"
			singleton="true">
	</bean>
	
	<bean id="org.sakaiproject.sitemanage.api.AffiliatedSectionProvider"
			class="org.sakaiproject.sitemanage.impl.AffiliatedSectionProviderImpl"
			init-method="init"
			destroy-method="destroy"
			singleton="true">
	</bean>
	 
	<!--<bean id="org.sakaiproject.sitemanage.api.UserNotificationProvider" 
		class="org.sakaiproject.sitemanage.impl.UserNotificationProviderImpl"
		init-method="init"
		singleton="true" >
		<property name="emailService" ref="org.sakaiproject.email.api.EmailService"/>
		<property name="userDirectoryService" ref="org.sakaiproject.user.api.UserDirectoryService"/>
		<property name="serverConfigurationService" ref="org.sakaiproject.component.api.ServerConfigurationService"/>
	</bean>-->

	<!-- Uncomment to use the EmailTemplateService notification provider -->
	<bean id="org.sakaiproject.sitemanage.api.UserNotificationProvider" 
		class="org.sakaiproject.sitemanage.impl.ETSUserNotificationProviderImpl"
		init-method="init"
		singleton="true" >
		<property name="emailService" ref="org.sakaiproject.email.api.EmailService"/>
		<property name="userDirectoryService" ref="org.sakaiproject.user.api.UserDirectoryService"/>
		<property name="serverConfigurationService" ref="org.sakaiproject.component.api.ServerConfigurationService"/>
		<property name="emailTemplateService" ref="org.sakaiproject.emailtemplateservice.service.EmailTemplateService"/>
		<property name="sessionManager" ref="org.sakaiproject.tool.api.SessionManager"/>
	</bean>
	
	<!--  Hibernate persistence -->

	<bean id="org.sakaiproject.springframework.orm.hibernate.impl.AdditionalHibernateMappingsImpl.siteSetupQuestion"
		class="org.sakaiproject.springframework.orm.hibernate.impl.AdditionalHibernateMappingsImpl">
		<property name="mappingResources">
			<list>
				<value>org/sakaiproject/sitemanage/impl/SiteSetupQuestion.hbm.xml</value>
				<value>org/sakaiproject/sitemanage/impl/SiteSetupQuestionAnswer.hbm.xml</value>
				<value>org/sakaiproject/sitemanage/impl/SiteSetupUserAnswer.hbm.xml</value>
				<value>org/sakaiproject/sitemanage/impl/SiteTypeQuestions.hbm.xml</value>
			</list>
		</property>
	</bean>
	
	<bean id="org.sakaiproject.sitemanage.api.model.SiteSetupQuestionService"
        class="org.springframework.transaction.interceptor.TransactionProxyFactoryBean">
        <property name="transactionManager">
            <ref bean="org.sakaiproject.springframework.orm.hibernate.GlobalTransactionManager" />
        </property>
        <property name="target">
            <ref bean="org.sakaiproject.sitemanage.impl.SiteSetupQuestionServiceImpl" />
        </property>
        <property name="transactionAttributes">
            <props>
                <prop key="*">PROPAGATION_REQUIRED</prop>
            </props>
        </property>
    </bean>

    <bean id="org.sakaiproject.sitemanage.impl.SiteSetupQuestionServiceImpl"
    	class="org.sakaiproject.sitemanage.impl.SiteSetupQuestionServiceImpl"
    	singleton="true" init-method="init" destroy-method="destroy">
    	<property name="sessionFactory">
    		<ref
    			bean="org.sakaiproject.springframework.orm.hibernate.GlobalSessionFactory" />
    	</property>
    </bean>

</beans>
